name ,type (appetizer; soup; salad; entree...),description (gluten free; vegetarian; vegan....),time to make (in min) ,calories per serving ,how many servings current recipe makes ,measurement 1 (#) for one serving,meas. + inged.,M2,I2,M3,I3,M4,I4,M4,I5,M6,I6,M7,I7,M8,18,Directions
Pizza Margherita,entree,vegetarian,30,285,4,10,ounces of pizza dough,1,cloves of garlic,1,teaspoon of olive oil,5,sliced plum tomatoes,1,cup shredded mozerella cheese,0.5,cups of basil,0.25,teaspoon pepper,0.25,teaspoon salt,>1. Preheat oven to 400 degrees >2. unroll pizza dough onto a packing sheet and pat into a rectangle >3. Bake crust at 400 degrees for 8 minutes >4. remove crust from oven and brush with olive oil >5. Arrange tomato slices on the crust >6. Sprinkle crust evenly with cheese > 7. Bake crust at 400 degrees for 12 minutes until cheese melts and crust is golden > 8. Sprinkle pizza with basil salt and pepper
Southwest Omelette,entree,vegetarian,35,94,2,2,tablespoons cilantro,0.25,teaspoons salt,4,egg  whites ,1,eggs,0.5,cups canned black beans,0.25,cups choopped green onions ,0.25,reduced fat chedder cheese ,0.25,cups salsa ,>1. Combine cilantro. salt. egg whites. and eggs in a medium bowl and stir them with a whisk > 2. Add beans. onions. cheese. and salsa in another bowl >3. heat a frying pan over medium heat > 4. Pour egg mixture into pan > 5. Cook for 3 minutes >6. flip omlete >7. Put bean mixture on one half of the omlete and fold omlete in half >8. Cook 1 more minute until the cheese melts >9. slide omlete onto plate
Vegaterian Chili,soup,vegetarian,50,256,4,1,tablespoons vegetable oil ,2,cups chopped onions ,0.5,cups chopped yellow pepper ,2,minced garlic clovves ,1.5,tablespoons chili powder,1,teaspoon ground cumin,16,ounces of stewed tomatoes ,15,ounces of canned black beans ,>1. Heat the oil in put over medium heat >2. Add onions. bell peppers. and garlic and saute >3. Add cumin tomatos. chili powder and black beans >4. Bring pot to a boil >5. Reduce heat and allow chilli to simmer for 30 mins
Baked Chicken Schnitzel,entree,dairy-free,30,385,1,0.5,tablespoons olive oil,1,chicken breasts ,1,teaspoons of pepper ,2,tablespoons of flour,0.5,tablespoons paprika ,1,eggs,0.5,cups seasoned bread crumbs,0.4,cups lemon juice ,>1. Preheat oven to 424 degrees >2. Line a baking sheet with foil and drizzle olive oil over the foil >3. Place the baking sheet in the oven >4. Flatten chicken breasts so they are about � of an inch thick >5. Season chicken with salt and pepper >6. Mix flour and paprika together on a large plate >7. Beat eggs >8. add salt and pepper to egg mixture >9. Mix bread crumps and lemon juice together on a seperate large plate >10. Dredge each chicken piece in the flour mixture. then the egg mixture. then the bread crumb mixture before putting it on a seperate plate >11. Take baking sheet out of the oven and arrange chicken on it in 1 layer >12. Drizzle olive oil over each piece of coated chicken >13. Bake chicken in the oven for 5-6 min >14. Flip chicken and then cooking for 5-6 min more
Taco Pie,entree,vegetarian,30,687,2,1,medium pie crust ,0.25,pounds ground (fake) beef,1,package of taco seasoning ,4,ounces of sour cream ,8,ounces shreddded cheese ,1,bag of tortilla chips ,0,0,0,0,>1. Preheat oven to 350 degrees >2. Put pie crust in packing pan and bake according to the directions >3.Brown the ground beef in a large pan over medium heat >4. Add taco seasoning to the meat and stir together >5. When pie crust is done cooking. take it out of the oven and place meat on top of it  >6. Layer with sour cream and cheese. >7. Put a layer of chips on the top >8. Return pie crust to the oven and let it bake for 10 min
Spinach and Feta Pasta,entree,vegetarian,40,450,1,4,ounces of penna pasta ,1,tablespoons olive oil,0.25,cups chopped onion ,0.5,minced clove of garlic ,0.5,cups chopped tomatoes ,2,teaspoons salt ,2,teaspoons pepper ,0.25,pounds of red pepper flakes ,>1. Bring a large pot of water to a boil >2.Cook pasta in boiling water until it is soft and then drain the water >3.Heat olive oil in a large skillet over medium high heat >4.Add onion and garlic to the skillet and cook them until the onions are brown >5.Mix tomatoes mushrooms and spinach into the onion mixture >6.Season the onion mixture with salt pepper and red pepper flakes >7.Cook the onion mixture for 2 more minutes until tomatoes are heated through and spinach is wilted >8.Reduce heat to medium and stir in pasta and feta cheese >9.Cook pasta until it is heated through
Salmon with Brown Sugar Glaze,entree,gluten-free,15,30,1,1,tablespoon brown sugar,1,teaspoons dijon mustard,6,ounce boneless salmon fillets ,1,teaspoon salt ,1,teaspoon pepper ,0,0,0,0,0,0,>1. Preheat the oven to 300 degree and set the oven rack about 6 inches from the heat source >2. Season the salmon with salt and pepper before arranging it on a pan >3.Whish together the brown sugar and dijon mustard in a small bowl >4. Spoon the brown sugar evenly on top of the salmon fillets >5. Cook the fish under the broiler for about 10-15 minutes until the fish flakes easily with a fork
Grilled Cheese,entree,vegetarian,20,400,1,2,slices white bread ,1,tablespoon of butter,1,slice of chedder cheese ,0,0,0,0,0,0,0,0,0,0,>1. Preheat skillet over medium heat >2. Generously butter one slice of bread >3. Place bread butter side down on skillet and add one slice of cheese >4. Butter second slide of bread on one side and place it butter side up on top of the sandwich >5.Grill the sandwich lightly until it is browned and then flip it
Veggie Stir Fry,entree,vegetarian,40,119,1,0.5,teaspoons cornstarch,0.25,crushed cloves of garlic ,2,teaspoons vegetable oil ,0.25,heads of broccli cut into florets ,2,tablespoons of carrots cut lengthwise ,1,teaspoons soy sauce ,1,teaspoons of water,2,teaspoons chopped onion ,>1. In large bowl. blend cornstarch. garlic. and 1 tablespoon vegetable oil until cornstarch is dissolved >2. Mix in broccoli. carrots.and green beans. Toss them until they are lightly coated in the sauce >3. Heat remaining 1 tablespoon of vegetable oil in a large skillet >4. Cook vegetables in oil for 2 minutes >5. Stir in soy sauce and water >6. Mix in onions and salt >7. Cook until vegetables are tender but still crisp
Tomato Basil Soup,soup,vegetarian,30,350,1,1,tablespoon olive oil,5,ounces condenscend tomato soup ,2,tablespoons mariania sauce  ,0.5,cloves of garlic ,0.5,teaspoons oregano,1,teaspoons chopped basil,3, italian style seasoned crotons ,1,tablespoons grated permesan cheese  ,>1. Heat olive oil in a large saucepan over medium heat >2. Saute garlic in oil for 2-3 minutes and stir >3. Stir condensed tomato soup and marinara sauce into garlic >4. Slowly add water>5.Mix oregano and black pepper into soup >6. Bring soup to a simmer and then return the heat from high to low >7.Cook soup for 15 more minutes >8.Stir basil into soup >9.Ladle soup into bowls and top with croutons and Parmesan cheese
Noodle Soup,soup,vegetarian,10,175,1,1,packet instant noodles,1,bunch baby bok choy,0.33,cup oyster sauce,1,teaspoon seasame oil,0,0,0,0,0,0,0,0,>1. Follow directions for noodle packet to make noodles >2. Add bok choy and simmer for 2 minutes >3. Add oil and sauce. Serve
Pesto Pasteries,appetizer,vegetarian,40,150,10,2,tablespoons pine nuts; toasted,1,garlic clove,3,tablespoons grated Parmigiano-Reggiano cheese,2,1 ounce packages frozen basil,1,sheet frozen puff pastery dough; thawed,0.375,teaspoon kosher salt,0,0,0,0,>1. Pulse nuts and garlic in a mini food processor until finely chopped >2. Add cheese >3. Tear leaves off basil and add to processor >4. Process until paste-like >5. Roll dough into 10 by 9 rectangle. Spread pesto over dough and sprinkle with salt >6. Roll up the long sides of the dough until they meet in the middle. Place in freezer for 10 minutes >7. Cut dough cross wise into 20 slices. Arrange on a cookie sheet and bake at 400o for 16 minutes
Turkey Meatballs,appetizer,gluten-free,40,100,1,100,grams turkey mince,0.25,garlic clove; peeled and chopped,1,Cavolo Nero leaf; leaves chopped finely,0.1,teaspoon salt ,0,cocunut oil; for frying,0,0,0,0,0,0,>1. Empty mince into mixing bowl. Add garlic and chopped Cavolo Nero leaf >2. Add salt and mix well >3. Heat coconut oil in a frying pan and form the mixture into balls. Drop them in the ban for 5-10 minutes >4. Place the meatballs in the oven at 400o for 10-15 minutes
Slow Cooker Pulled Chicken,entree,gluten-free,180,200,4,1,pound chicken breask,1,16 oz jar of salsa,1,15 ounce can of black beans,0.33,cup crumbled feta,0.5,teaspoon cumin,0.5,teaspoon smoked paprika,0,red pepper flakes; salt and pepper to taste,0,0,>1. Pour salsa into slow cooker and layer beans and chicken on top >2. Cook on high for three hours >3. After 3 hours. remove chicken from slow cooker and shred with forks. Place back into slow cooker. >4. Add spices and cheese and mix to combine
White Wine and Butter Pasta,entree,vegan,15,250,1,4,tablespoons vegan butter,2,cloves garlic,1.5,tablespoons flour,0.33,cup white wine,0.25,cup capers,1,lemon; juiced,0,salt to taste,0,0,>1. Melt half of the butter in a small frying pan. then add garlic >2. When fragrant. add flour and stir to combine. Add white wine >3. Turn down heat to let alcohol cook off >4. Turn heat back up and add lemon juice and remaining butter >5. Stir to combine and serve over pasta. with capers
Sweet Potato Gnocci,entree,vegetarian,70,200,4,2,sweet potatoes,1.25,cups flour,1,egg,0,salt and pepper to taste,0,0,0,0,0,0,0,0,>1. Bake the potatoes for 1 hour at 400o. Mash the potatoes >2. Combine mashed potatoes with egg and flour until dough is formed >3. Shape gnocchi. use a fork to give a slight indentation >4. Cook in boiling water. They are done when they float to the top.
Chilaquiles,entree,vegan,10,350,1,1,teaspoon oil,3,eggs,2.5,cups tottilla chips,0.5,cup shredded cheese,2,tablespoons hot sauce,0,0,0,0,0,0,>1. Beat the eggs >2. Add oil to a hot nonstick pan >3. Pour in eggs and quickly mix in tortilla chips >4. Stir in cheese and lower heat. cook for 3-4 minutes >5.Remove from pan and drizzle with hot sauce
Watermelon Feta and Mint Salad,salad,vegetarian,5,100,1,2,containers watermelon cubes,1,pack of mint leaves,0,feta cheese crumbles,1,cup arugla leaves,0,0,0,0,0,0,0,0,>1. Chop the watermelon and mint into small pieces >2. Place watermelon and mint in a bowl of arugula and mix to combine >3. Top with feta
Warm Beet Salad,salad,vegetarian,90,150,1,0.5,bunch of beets,0.5,medium onion,1,tablespoon olive oil,0.5,cup cookied quinoa,0.25,cup feta cheese; crumbled,0,0,0,0,0,0,>1. Preheat oven to 400o >2. Scrub beets. wrap in aluminum foil. and roast on a baking sheet for an hour. Cut into quarters >3. Separate stems from greens. Wash and dry both >4. Sautee onion in olive oil in a medium pan. add beet stems and cook for 5 minutes >5. Add greens and seasoning to taste. cook until greens are mostly wilted >6. Add cooked grains and roasted beets to the pan. toss to combine >7. Transfer into a bowl and top with crumbled cheese
Vegan Vegetable Stir Fry,entree,vegan,15,300,1,1,packet frozen brown rice,0.2,package firm tofu,2,cups chopped vegetables,0.25,seasame ginger dressing,0,0,0,0,0,0,0,0,>1. Cook the rice >2. Cube tofu into 1-inch squares >3. Cook vegetables until tender >4. Heat dressing in a skillet. Add vegetables and tofu and mix to combine. Cook 3-4 minutes >5. Place rice in a bowl. Scoop mixture on top to serve
Cheesy Quinoa Fritters,appetizer,vegetarian,15,250,2,1,cup cooked quinoa,1,eggs,1,teaspoon flour,0.5,cup shredded cheese,1,tablespoon oil,0,salt and pepper to taste,0,0,0,0,>1. Beat egg >2. In a separate bowl. mix quinoa and cheese. Pour in egg and mix >3. Add flour. salt. and pepper. and stir to combine >4. Add oil to a skillet and heat >5. Create small balls of mixture and slightly flatten. Place fritters into pan >6. Cook fritters for 5 minutes on each side >7. Allow to cool slightly on paper towel
Chicken Cordon Bleu,entree,dairy-free,45,419,4,4,chicken breasts,0.25,teaspoon salt,0.25,teaspoon black pepper,6,slices soy cheese,4,slices cooked ham,0.5,cup seasoned breadcrumbs,0,0,0,0,>1. Preheat oven to 350 degrees. Coat baking sheet with nonstick cooking spray. >2. Pound chicken breasts to 1/4 inch thickness >3/ Sprinkle each piece of chicken on both sides with salt and pepper. Place 1 cheese clice and 1 ham slice on top of each breast. Roll up each breast and secure with a toothpick. Place in baking dish and sprinkle chicken evenly with breadcrumbs. >4. Bake 30-35 minutes or until chicken is no longer pink. Remove from oven and place 1/2 cheese slice on top of each breast. Return to oven for 3-5 minutes or until cheese has melted. Remove toothpicks and serve immediately
Balsamic Ravioli,entree,vegetarian,33,474,5,0.5,cup walnuts,25,ounce  store bought ravioli,2,tablespoons butter,2,tablespoons balsamic vinegar,0.25,cup grated parmesean,0,0,0,0,0,0,>1. Toast walnuts in a skillet over medium heat. Cook and stir until browned and fragrant. Remove from skillet. >2. Fill a pot with lightly salted water and ring to a rolling boil. Stir in ravioli and return to a boil. Cook uncovered and stir occasionally until the ravioli float to the top and the filling is hot. Drain. >3. Warm butter in a skillet over medium heat until slightly brown. Add balsamic vinegar. Cook and stir until melted and combined. Stir in ravioloi and mix until combined. Top with walnuts and Parmesean cheese. 
Tacos,entree,dairy-free,17,262,2,1,link chorizo sausage,2,tablespoons chipotle peppers in adobo sauce,4,corn tortillas,2,tablespoons chopped onions,2,tablespoons chopped cilantro,0,0,0,0,0,0,>1. Mix chorizo and chipotle peppers in adobo sauce together in a bowl >2. Heat a skillet over medium high heat. Add chorizo mixture and cook until crisp. Transfer chorizo to a plate and reserve the grease in the skillet >3. Heat tortillas in the reserved grease in skillet over medium heat until warmed. Stack 2 tortillas on top of each other for each taco. Fill with chorizo onion and and cilantro
Balsamic Cucumber Salad,salad,vegetarian,15,90,6,1,large English cucumber,2,cups grape tomatoes,1,medium red onion,0.5,cups balsamic vinagerette,0.75,cups crumbled feta cheese,0,0,0,0,0,0,>1. Chop vegetables >2. Combine chopped vegetables in a medium bowl. Add vinaigrette and toss to coat >3. Refrigerate covered until serving. Stir in cheese just before serving. Serve with a slotted spoon
Pasta Salad,salad,vegetarian,20,149,14,12,ounces spiral pasta,4,cups broccoli,1,pint grape tomatoes,6,ounces olives,1.5,cups Italian dressing,0,0,0,0,0,0,>1. Cook pasta according to package directions and add chopped broccoli during the last 2 minutes of cooking. Drain and rinse in cold water >2. Transfer to a large bowl. Add tomatoes olives salt and pepper. Drizzle with salad dressing and toss to coat. Chill until serving
Cucumber and Red Onion Salad,salad,vegan,15,31,4,2,small English cucumbers,1,cup chopped red onion,2,tablespoons rice vinegar,1,tablespoon white vinegar,0.25,teaspoon seasame oil,0,0,0,0,0,0,>1. Place ingredients in a bowl and toss to combine >2. Refigerate covered for about an hour
Fruit Salad,salad,vegan,15,55,16,10,cups watermelon,2,tablespoons white corn syrup,1,pint strawberries,2,cups pineabble,2,oranges,2,tablespoons mint,0,0,0,0,>1. Chop fruit to desired size >2. Combine cubed melon and corn syrup. Cover and refrigerate overnight. >3. Stir in remaining fruit just before serving
Minted Beet Salad,salad,vegan,35,100,6,2,pounds beets,2,tablespoons water,2,tablespoons champagne vingear,2,tablespoons olive oil,0.25,cup kalamata olives,2,tablespoons mint,0,0,0,0,>1. Scrub beets and trim tops to 1 inch. Place in a single layer on a mircowave safe dish. Drizzle with water. Microwave covered on high 10-15 minutes or until easily pierced with a fork. Turn once. Let stand 5 minutes. >2. Peel and cut beets into 3/4 inch pieces when they are cool >3. Combine vinegar oil salt and pepper in a bowl. Add olives beets and half of the mint. Toss to coat. >4. Refrigerate covered for at least an hour and then top with remaining mint
Fried Risotto Balls,appetizer,vegan,20,115,2,2,cups chilled risotto,0.5,cups bread crumbs,2,tablespoons nutritional yeast,0.5,cups sunflower oil,0,0,0,0,0,0,0,0,>1. Blend yeast and bread crumbs in a bowl >2. Form risotto balls and dregde them with the crumbs. (Optional: allow balls to chill in the fridge for a half hour) >3. Heat oil in a pot on high for 2 minutes and then turn to medium heat. Place balls in oil for 2-3 minutes and turn them to evenly fry all sides >4. Remove balls with a slotted spoon and place on a paper towel lines plate. Serve immediately. 
Garlic Pepper Tofu Bites,appetizer,vegan,120,100,6,1,12 oz package well pressed black soybean tofu,2,tablespoons soy sauce,1,tablespoon seseame oil,1,teaspoon black pepper,1,teaspoon garlic powder,1,teaspoon lemon juice,0.5,cup vegan mayo,2,teaspoons chili powder,>1. Slice tofu into cubes of desired size >2. Mix soy sauce sesame oil black pepper garlic powder and lemon juice. Add tofu. Put in fridge for an hour >3. Preheat oven to 350 >4. Spread tofu on a foil lined baking sheet and bake for 20 minutes. Flip each piece >5. Cover with remaining soy sauce mix and bake for another 20 minutes >6. Mix mayo and chili powder as a dipping sauce. Chill until ready to serve. >7. Put 1-2 cubes of tofu on toothpicks and serve
Quesadillas,appetizer,vegan,20,230,3,4,halved flour tortillas,0.66,cups soy sausage or tofu,0.5,cup vegan white cheese,2,thinly sliced protobello mushrooms,0.5,cup cabbage slaw,2,tablespoons hot sauce,2,teaspoons vegan butter,0,0,>1. Place sausage and mushrooms in a panini press. Cook for 2 minutes. >2. Warm a tortilla in panini press. Add cheese mushrooms and sausage and add hot sauce. >3. Add another tortilla. Keep layering as much as you want. Place slaw in last layer. >4. Cook about 2 minutes. >5. Slice and serve
Tomato Avocado Toast,appetizer,vegetarian,20,150,8,1,small baguette,2,tablespoons olive oil,1,ripe avocado,1,teaspoon fresh lemon juice,1,teaspoon salt and pepper,1,pint quatered grape tomatoes,0,0,0,0,>1. Preheat oven to 350 degrees >2. Slice baguette diagonally into 16 slices and brush both sides of each slice with olive oil. >3. Back baguette slides on a baking sheet for 8 minutes. >4. Half avocados and remove pit. Place flesh into a small bowl and mash with lemon juice. Season with salt and pepper. >5. Spread onto bread. Top with grape tomaotes
Hummus,appetizer,gluten-free,5,130,13,5,tablespoons water,0.25,cup fresh lemon juice,0.5,cup tahini,3,tablespoons olive oil,0.5,teaspoon salt and pepper,2,15 oz cans chickpeas,1,garlic clove,0.5,teaspoon paprika and parsley,>1. Place all ingredients except paprika and parsley in a food processor and process until smooth. >2. Spoon hummus into bowl and sprinkle paprika and parsely on top
Deviled Eggs,appetizer,gluten-free,30,200,6,6,large eggs,3,tablespoons canola mayonnaise,2,teaspoons Dijon mustard,0.5,teaspoon fresh lemon juice,0.25,teaspoon freshly ground black pepper,2,teaspoons coarsley chopped fresh chives,0.25,teaspoon paprika,0,0,>1. Place eggs in a large saucepan. Cover with water to 1 inch above eggs and bring to a boil. Remove from heat. Cover and let stand 15 minutes. Drain and rinse with cold running water. >2. Peel eggs and cut in half lengthwise. Remove yolks. >3. Place yolks in a bowl and mash with a fork. Stir in mayo mustard lemon juice and pepper. >4. Spoon yolk mixture into egg white halves and sprinkle with chives and paprika
Baked Kale Chips,appetizer,dairy-free,20,50,3,1,bunch kale,1,tablespoon olive oil,1,teaspoon seasoned salt,0,0,0,0,0,0,0,0,0,0,>1. Preheat oven to 350 >2. Remove leaves of kale from thick stems and tear into bite size pieces. Wash and dry. Drizzle with olive oil and sprinkle with salt. >3. Place on lined cookie sheet and bake for 10-15 minutes
Prosciutto Wrapped Asparagus,appetizer,dairy-free,20,175,3,1,tablespoon olive oil,16,spears trimmed fresh asparagus,16,slices proscuitto,0,0,0,0,0,0,0,0,0,0,>1. Preheat oven to 450 degrees. >2. Wrap one slice of proscuitto around each asparagus spear starting at the bottom and spiraling up to the top. Place the wrapped spears on a lined baking sheet. >3. Bake for 5 minutes. Remove and roll spears over. Bake for another 5 minutes and serve immediately.
Spinach with Garbanzo Beans,appetizer,dairy-free,25,150,4,1,tablespoon extra virgin olive oil,4,cloves minced garlic,0.5,diced onion,1,10 oz box frozen chopped spinach,1,12 oz can drained garbanzo beans,0.5,teaspoon cumin,0.5,teaspoon salt,0,0,>1. Heat olive oil in a skillet over medium low heat. Cook garlic and onion for 5 minutes >2. Stir in spinach. Stir in garbanzo beans and spices. >3. Lightly mash beans as mixture cooks. 
Lentil Soup,soup,vegan,490,450,6,2,cups lentils,4,cups water,4,cups vegetable broth,1,diced onion,3,sliced celery stalks,2,chopped carrots,2,cloves minced garlic,0.5,teaspoon salt and pepper,>1. Presoak the lentils in water for at least 2 hours or overnight. Drain and discard water. >2. Stir together lentils with all ingredients in a crock pot. Cook on medium heat for 8-10 hours. 
Vegetable Soup,soup,vegan,75,375,8,2,tablespoons olive oil,2,cups chopped onions or leeks,1,cup thinly sliced celery,2,teaspoons Italian dressing,1,tablespoon tomato paste,3,14.5 oz cans vegetable broth,1,28oz can diced tomatoes,8,cups fozen mixed vegetables,>1. Heat oil in a large stockpot over medium heat. Add onions and celery. Add dressing and cook 5-8 minutes. >2. Add broth and tomatoes and tomato paste. Add 3 cups of water and bring to a boil. Reduce to a simmer and cook uncovered for 20 minutes. >3. Add vegetables and return to simmer. Cook uncovered for 20-25 minutes
Split Pea Soup,soup,vegan,75,375,8,3,cups dried split peas,1.5,pounds peeled and chopped russet potatoes,7,sliced carrots,2,chopped green bell peppers,2,chopped medium onions,2,cloves minced garlic,1,teaspoon dried thyme,1,teaspoon salt and pepper,>1. Combine all ingredients in a large pot with 4 quarts of water. >2. Bring to a boil over high heat. Cover partially and simmer for 45 minutes. Stir occasionally.  
Squash and Lentil Soup,soup,dairy-free,45,425,4,2,tablespoons olive oil,1,medium yellow onion,8,cups butternut squash,1.5,cups red lentils,2,teaspoons dried sage,7,cups vegetable broth,0,0,0,0,>1. Heat oil and water over medium high heat in a large pot. Add onions and cook for 5 minutes. >2. Add sage and squash and cook for a few minutes. Add lentils and broth. Season with salt and pepper. Bring to a boil. Cover and reduce heat to low to simmer for 30 minutes. >3. Puree soup
Avocado and Yogurt Soup,soup,gluten-free,50,243,4,2,ripe avocados,1.5,cups buttermilk,1.5,cups whole milk yogurt,0.25,tablespoons chopped dill,2,tablespoons chopped mint,1,thinly sliced garlic clove,0.5,jalapeno chile,3,radishes,>1. Half put and peel avocados >2. Blend buttermilk and yogury with half the avocados and dill. Add mint and garlic. Add chile and blend until smooth. >3. Pour soup into a large bowl and chill for 30 minutes. Cut the remaining avocado into small cubes. >4. Ladle soup into bowls. Place tufts of radishes and small spoonfuls of diced avocado in the center of each bowl to garnish
Zucchini and Basil Soup,soup,dairy-free,35,128,6,2,pounds zucchini,1,large onion,4,cloves garlic,3,cups vegetable broth,0.33,cups fresh basil,3,tablespoons raw cashews,1,tablespoon nutritional yeast,0,0,>1. Set aside one of the zucchinis. Trim and coarsely chop the rest. >2. Cook onion in a large saucepan for 5 minutes. Add garlic and cook for 1 more minute. Stir in chopped zucchini with salt and pepper and cook over medium heat for 5 minutes. >3. Add broth and simmer for 15 minutes >4. Pour into a blender and add basil. Add cashews and yeast and blend until smooth. >4. Return soup the pot and season with salt and pepper. Shred remaining zucchini with a spiral slicer. Pour soup into bowls and garnish with zucchini. 
Sausage Eggplant and Pepper Stew,soup,gluten-free,330,300,6,2,cubed medium eggplants,1,can of crushed tomatoes,2,chopped red bell beppers,2,chopped onions,2,minced garlic cloves,0.5,teaspoons crushed red pepper,0.5,teaspoons salt and pepper,2,links of sausage,>1. Stir eggplants and tomatoes together in a slow cooker. >2. Warm 1 tbsp oil in a skillet over medium heat. >3. Add peppers and onions to skillet and cook for 3 minutes. >4. Stir in garlic and crushed red pepper. >5. Stir in salt and continue cooking until garlic is tender. >6. Stir vegetables into the eggplant mixture. >7. Remove items from slow cooker. >8. Warm remaining oil. >9. Add sausage and cook for 4 minutes >10. Place sausage above vegetables in slow cooker. >11. Cover the slow cooker and let it cook for 4-5 hours. >12. Season with salt and pepper before serving
Pumpkin Soup,soup,dairy-free,30,42,6,1,small onion,0.5,teaspoon minced garlic,2,teaspoons curry powder,1,teaspoon garam masala,30,ounces pumpkin puree,3,teaspoons sweetener,2,cups vegetable broth,1,cup almond milk,>1. Add finely chopped onions to a greased pot over medium heat and cook 3-5 minutes. >2. Add minced garlic and curry powder. Add garam masala and cook for another minute. Stir in pumpkin puree. Add sweetner and veggie broth. Add almond milk and stir until combined. >3. Bring the soup to a boil for 1 minute and then reduce to a simmer for at least 20 minutes and up to an hour. The soup gets richer the longer it cooks. Puree using an immersion blender
Cauliflower Soup,soup,dairy-free,30,72,2,1,chopped onion,4,cloves garlic,0.5,head cauliflower,1,tablespoon rosemary,3,cups vegetable broth,0,0,0,0,0,0,>1. Heat a tablespoon of olive oil in a medium poit. Add the onion and garlic and cook over a medium heat. >2. Continue to cook the onion and garlic for 10-12 minutes. Stir occasionally. Add cauliflower and rosemary. >3. Turn the heat up and cook the vegetables for 3-5 minutes. Add just enough vegetable broth the cover the cauliflower. Bring to a boil and reduce the heat so that the broth is simmering. >4. Remove the soup from the heat after 5 minutes and blend until smooth
Carrot Soup,soup,gluten-free,100,140,6,4,cups chopped carrots,2.5,cups unsalted chicken stock,2,cups chopped leek,1,tablesppon white wine vinegar,0.25,teaspoons pepper,0.25,teaspoons ground nutmeg,3,tablespoons sour cream,1,tablespoon chopped chives,>1. Combine carrots and chicken stock in a dutch oven. Add 2 cups of water and leeks. >2. Cook dutch oven on the stove until the mixture boils. >3. Partially cover the mixture and reduce the heat. Simmer for 30 minutes. >4. Remove pan from heat and let stand for 10 minutes. >5. Place carrot mixture into a blender until smooth >6. Stir in vinegar and nutmeg. Add salt and pepper. >7. Combine 1 teaspoon of water with sour cream and chives in a separate bowl. >8. Ladle soup into bowl with about 1 cup of soup in each bowl. >9. Top each serving with 1 teaspoon of sour cream mixture
Roasted Vegetable Salad,salad,dairy-free,22,40,4,1,cup sliced broccoli,1,cup sliced cauliflower,2,teaspoons extra virgin olive oil,2,teaspoons red wine vinegar,2,teaspoons chopped chives,0,0,0,0,0,0,>1. Preheat oven to 425. >2. Toss broccoli stems and cauliflow in olive oil. Season with salt and pepper. >3. Place mixture on sheet pan and roast in oven for 18 minutes. >4. Toss with vinegar and chives. 
Orange Beat and White Bean Salad,salad,dairy-free,20,103,4,1,pound cut golden beets,1,orange,1,cup white beans,1,tablespoon chopped cilantro,1,tablespoon sherry vinegar,0,0,0,0,0,0,>1. Wrap beets in microwave safe parchment paper. Microwave on high for 12 minutes. Let stand 5 minutes. >2. Peel orange and cut into segments. Combine chopped beets with orange segments and cannellini beans on a small platter. Sprinkle evenly with cilantro and vinegar
Cranberry Kale Salad,salad,gluten-free,20,50,2,0.25,cups olive oil,1,minced clove of garlic,1,thinly sliced head of kale,0.5,cups thinly sliced red cabbage,1,grated carrot,2,tablespoons chopped red onion,0.5,cups lemon juice,2,tablespoons honey,>1. Combine the lemon juice with olive oil and honey in a jar. Add garlic and shake vigorously to make the dressing. >2. Place the kale in a bowl and add 2 tablespoons dressing. >3. Add carrots then cabbage and red onion to salad. >4. Add a couple tablespoons of dressing to the salad. 
White Bean and Arugula Salad,salad,dairy-free,10,152,4,2,tablespoons extra virgin olive oil,2,tablespoons lemon juice,1,teaspoon dijon mustard,15,ounces white beans,0.25,cup sliced onion,3,cups arugula,0,0,0,0,>1. Combine oil with lemon juice and mustard in a large bowl. Season with salt and pepper. >2. Add beans and onion. Toss well to combine. >3. Add arugala and toss gently
French Spinach Salad,salad,gluten-free,10,107,6,1,pound spinach leaves,4,slices cooked chopped bacon,3,chopped hard boiled eggs,1,cup thinly sliced red onions,1,cup thinly sliced mushrooms,0.25,teaspoons paprika,0,0,0,0,>1. Tear spinach leaves into bite sized pieces >2. Toss spinach with bacon onions and mushrooms. >3. Top salad with chopped eggs and dust with paprika. 
Orange Beef Salad,salad,gluten-free,25,226,4,3,small beets,8,cups arugala,0.5,cup orange vinaigrette,4,ounces roast beef,2,ounces goat cheese,2,tablespoons pine nuts,0,0,0,0,>1. Place beets in a microwave safe bowl and add enough water to come halfway up the sides of the bowl. Cover with plastic wrap and vent. Microwave on high for 8 minutes then drain and cool. Peel and slice into wedges. >2. Combine arugala and orange cinaigrette. Toss gently to coat. >3. Arrange arugala mixture evenly onto plates. Top evenly with beef beets cheese and nuts
